playerName,roundsPerGame,playersPerTable,winsVOpTwoPlayer,winsV1/2PlayersPlayer,winsV1/12RandomPlayer,winsV1/3RandomPlayer,winsV1/6RandomPlayer,winsV1000PotPlayer,winsV14RollsPlayer,winsV200PotPlayer,winsV3DoublesPlayer,winsV7DoublesPlayer,winsV7RollsPlayer,winsVAdversarialLeader,winsVLastBankingPlayer,placementIn1,placementIn2,placementIn3,placementIn4,placementIn5,placementIn6,placementIn7,placementIn8,placementIn9,games_played
OpTwoPlayer,10,3,312,513,141,159,139,372,274,173,277,464,146,464,480,1163,1588,249,,,,,,,3000
LastBankingPlayer,10,3,480,452,143,149,126,377,249,207,290,461,131,466,326,1108,1641,251,,,,,,,3000
200PotPlayer,10,3,380,363,340,278,289,322,326,314,284,467,261,326,419,1818,733,449,,,,,,,3000
1000PotPlayer,10,3,432,487,182,197,170,326,235,228,307,409,172,414,452,1516,979,505,,,,,,,3000
7RollsPlayer,10,3,337,349,339,285,300,276,276,208,222,450,314,279,349,1604,776,620,,,,,,,3000
14RollsPlayer,10,3,384,427,200,210,197,313,326,178,276,450,179,322,388,1409,1032,559,,,,,,,3000
1/3RandomPlayer,10,3,325,315,346,166,275,285,281,161,262,422,203,259,323,1438,747,815,,,,,,,3000
1/6RandomPlayer,10,3,328,320,290,196,151,266,271,186,245,462,195,306,347,1358,847,795,,,,,,,3000
1/12RandomPlayer,10,3,343,328,175,140,191,331,239,140,213,431,120,271,329,1178,895,927,,,,,,,3000
3DoublesPlayer,10,3,415,420,289,227,239,359,268,235,344,424,254,395,421,1719,852,429,,,,,,,3000
7DoublesPlayer,10,3,469,486,40,38,29,294,158,38,152,314,40,336,473,786,1295,919,,,,,,,3000
AdversarialLeader,10,3,464,489,230,183,198,436,292,210,337,465,218,310,467,1507,1285,208,,,,,,,3000
1/2PlayersPlayer,10,3,513,356,150,156,154,426,299,193,295,474,164,489,452,1231,1659,110,,,,,,,3000
OpTwoPlayer,10,4,760,888,214,226,211,683,437,240,475,910,203,765,938,916,1404,1394,286,,,,,,4000
LastBankingPlayer,10,4,938,889,232,232,212,687,418,291,483,937,230,736,684,970,1329,1401,300,,,,,,4000
200PotPlayer,10,4,803,726,653,579,599,546,614,744,506,884,507,735,736,1950,1091,600,359,,,,,,4000
1000PotPlayer,10,4,894,771,385,437,374,610,500,436,538,867,404,726,870,1633,1050,813,504,,,,,,4000
7RollsPlayer,10,4,723,611,680,541,570,595,563,395,501,872,668,618,747,1753,1062,701,484,,,,,,4000
14RollsPlayer,10,4,756,739,472,393,399,651,706,398,527,871,412,602,745,1479,1227,780,514,,,,,,4000
1/3RandomPlayer,10,4,704,542,641,349,559,502,549,356,431,912,388,646,728,1526,1011,707,756,,,,,,4000
1/6RandomPlayer,10,4,710,579,598,377,348,607,508,321,477,863,378,621,752,1383,1099,792,726,,,,,,4000
1/12RandomPlayer,10,4,772,541,346,304,346,618,510,284,408,862,255,594,743,1137,1141,890,832,,,,,,4000
3DoublesPlayer,10,4,832,757,552,503,483,642,557,490,670,842,478,750,902,1846,1114,692,348,,,,,,4000
7DoublesPlayer,10,4,934,632,92,60,81,601,273,105,304,650,82,677,966,701,1081,1192,1026,,,,,,4000
AdversarialLeader,10,4,935,856,393,306,313,767,500,359,574,915,301,644,878,1212,1524,1057,207,,,,,,4000
1/2PlayersPlayer,10,4,873,648,468,402,443,808,645,571,700,877,450,847,885,1261,2161,512,66,,,,,,4000
OpTwoPlayer,10,5,1262,1460,257,268,250,1062,544,333,642,1443,262,1202,1587,671,1061,1697,1311,260,,,,,5000
LastBankingPlayer,10,5,1587,1515,264,263,239,1114,594,287,689,1512,271,1231,1324,714,1084,1775,1232,195,,,,,5000
200PotPlayer,10,5,1297,1165,1180,976,975,923,1000,1202,900,1475,931,1256,1336,2075,1381,838,497,209,,,,,5000
1000PotPlayer,10,5,1501,1359,623,682,587,1278,795,730,929,1441,669,1144,1490,1742,1083,1163,685,327,,,,,5000
7RollsPlayer,10,5,1292,1126,1073,940,992,969,852,691,754,1453,1160,1169,1292,1919,1269,834,612,366,,,,,5000
14RollsPlayer,10,5,1421,1335,784,702,648,1038,1260,566,899,1471,626,1192,1376,1592,1364,1116,626,302,,,,,5000
1/3RandomPlayer,10,5,1305,1036,1082,631,920,875,904,609,797,1491,672,1084,1220,1611,1262,867,662,598,,,,,5000
1/6RandomPlayer,10,5,1386,1061,998,646,634,933,892,558,809,1456,618,1152,1288,1461,1369,936,608,626,,,,,5000
1/12RandomPlayer,10,5,1320,1110,629,492,555,1034,792,464,743,1480,423,1103,1348,1072,1395,1135,750,648,,,,,5000
3DoublesPlayer,10,5,1467,1317,864,761,763,1106,910,792,1284,1445,736,1261,1464,1903,1358,985,514,240,,,,,5000
7DoublesPlayer,10,5,1494,1267,152,119,116,968,467,184,485,1222,118,1067,1583,521,971,1555,1135,818,,,,,5000
AdversarialLeader,10,5,1551,1358,483,417,434,1163,765,467,788,1492,431,1005,1543,930,1284,1697,931,158,,,,,5000
1/2PlayersPlayer,10,5,1461,1378,502,505,509,1275,954,617,941,1478,572,1249,1483,976,1447,2144,391,42,,,,,5000
OpTwoPlayer,10,6,1872,1699,302,282,276,1572,783,378,869,2232,280,1752,2402,532,761,1611,1328,1506,262,,,,6000
LastBankingPlayer,10,6,2402,1632,275,233,245,1555,750,315,896,2267,251,1742,1918,485,769,1585,1304,1617,240,,,,6000
200PotPlayer,10,6,2052,1694,1638,1452,1512,1353,1469,1920,1406,2220,1347,1998,2119,2287,1449,1095,644,376,149,,,,6000
1000PotPlayer,10,6,2260,1822,867,958,936,2122,1231,1089,1458,2174,1012,1759,2230,1841,1074,1362,845,641,237,,,,6000
7RollsPlayer,10,6,2129,1503,1636,1287,1382,1402,1355,993,1219,2155,1968,1838,2073,1989,1456,1046,765,503,241,,,,6000
14RollsPlayer,10,6,2102,1725,1179,1016,1059,1654,1850,943,1409,2190,986,1715,2107,1593,1435,1321,871,525,255,,,,6000
1/3RandomPlayer,10,6,2116,1319,1634,975,1302,1310,1365,862,1153,2213,1000,1846,2148,1614,1388,1087,913,534,464,,,,6000
1/6RandomPlayer,10,6,2030,1413,1441,1036,935,1395,1355,798,1207,2163,965,1862,2130,1415,1436,1154,950,549,496,,,,6000
1/12RandomPlayer,10,6,2102,1408,992,754,823,1447,1274,710,1122,2189,683,1674,2124,1100,1305,1261,1066,667,601,,,,6000
3DoublesPlayer,10,6,2167,1785,1276,1193,1144,1708,1360,1123,1820,2182,1118,1956,2239,1908,1438,1260,772,455,167,,,,6000
7DoublesPlayer,10,6,2336,1512,168,161,190,1496,725,290,817,1932,162,1651,2356,516,768,1473,1179,1367,697,,,,6000
AdversarialLeader,10,6,2302,1765,662,508,580,1597,1033,618,1103,2181,465,1618,2272,767,1035,1657,1348,1062,131,,,,6000
1/2PlayersPlayer,10,6,2168,2062,1076,943,957,1866,1550,1130,1582,2211,1030,1948,2178,1168,1523,2408,680,185,36,,,,6000
OpTwoPlayer,10,7,2870,2682,297,268,293,2045,1070,388,1112,3015,262,2474,3267,411,577,1281,1875,1282,1379,195,,,7000
LastBankingPlayer,10,7,3267,2639,284,273,249,2037,1018,355,1137,3161,258,2486,2726,377,535,1306,1912,1305,1383,182,,,7000
200PotPlayer,10,7,3108,2384,2418,1990,2024,1915,2085,2940,1908,3021,1857,2746,3003,2340,1732,1244,814,520,241,109,,,7000
1000PotPlayer,10,7,3164,2817,1237,1393,1285,2870,1720,1442,2083,3011,1242,2626,3156,1961,1099,1229,1320,683,543,165,,,7000
7RollsPlayer,10,7,2940,2282,2371,1890,1995,1992,1998,1422,1668,3003,2776,2674,3046,2056,1685,1267,868,653,318,153,,,7000
14RollsPlayer,10,7,3139,2635,1554,1308,1418,2223,2862,1357,1876,2964,1366,2550,3075,1628,1467,1466,1182,728,358,171,,,7000
1/3RandomPlayer,10,7,2898,2139,2306,1459,1868,2009,1859,1244,1614,3070,1376,2611,2939,1684,1478,1277,930,751,498,382,,,7000
1/6RandomPlayer,10,7,2970,2217,2046,1427,1372,2006,1890,1160,1662,3060,1260,2606,3043,1465,1409,1413,1049,828,429,407,,,7000
1/12RandomPlayer,10,7,3027,2233,1404,1048,1197,2080,1721,890,1573,3033,929,2519,3052,1057,1257,1504,1186,977,551,468,,,7000
3DoublesPlayer,10,7,3112,2648,1810,1628,1628,2292,1904,1542,2750,2972,1597,2737,3217,2012,1440,1438,1119,579,298,114,,,7000
7DoublesPlayer,10,7,3203,2542,294,227,270,2072,1067,396,1131,2832,226,2419,3327,575,526,1226,1823,1209,1135,506,,,7000
AdversarialLeader,10,7,3227,2748,765,642,695,2240,1383,773,1408,3152,653,2196,3217,719,821,1479,1868,1131,898,84,,,7000
1/2PlayersPlayer,10,7,3135,2802,1134,1097,1080,2597,1895,1229,1962,3132,1064,2705,3121,969,1080,1796,2399,627,104,25,,,7000
OpTwoPlayer,10,8,3710,2645,328,250,257,2715,1217,416,1370,4099,260,3278,4407,312,359,1063,1664,1200,1815,1413,174,,8000
LastBankingPlayer,10,8,4407,2685,314,245,245,2678,1302,428,1352,4139,272,3295,3842,302,384,1064,1718,1226,1785,1346,175,,8000
200PotPlayer,10,8,4229,2973,3162,2775,2796,2566,2849,3646,2529,4045,2489,3744,4052,2514,1644,1418,1065,679,410,186,84,,8000
1000PotPlayer,10,8,4279,3345,1732,1817,1694,3864,2333,1872,2656,3939,1829,3651,4371,2136,1015,1262,1378,801,818,479,111,,8000
7RollsPlayer,10,8,4085,2798,3071,2464,2584,2554,2627,1840,2186,3996,3802,3572,4129,2145,1612,1288,1210,803,529,274,139,,8000
14RollsPlayer,10,8,4082,3320,2040,1881,1764,3002,3784,1733,2518,4049,1811,3571,4135,1679,1330,1600,1423,917,594,326,131,,8000
1/3RandomPlayer,10,8,4220,2520,2945,1920,2532,2484,2515,1573,2118,3980,1825,3474,4127,1595,1497,1337,1107,1026,744,407,287,,8000
1/6RandomPlayer,10,8,4169,2529,2831,1916,1862,2569,2526,1665,2193,4058,1706,3593,4044,1399,1437,1515,1149,1086,725,367,322,,8000
1/12RandomPlayer,10,8,4070,2546,1865,1420,1610,2768,2287,1344,2094,4002,1300,3470,4084,1048,1207,1411,1354,1154,943,463,420,,8000
3DoublesPlayer,10,8,4172,3304,2346,2203,2184,3139,2508,2145,3804,3940,2130,3698,4178,2037,1455,1572,1332,748,545,240,71,,8000
7DoublesPlayer,10,8,4339,2793,354,335,321,2764,1309,499,1476,3842,331,3391,4372,572,409,1038,1669,1150,1608,1136,418,,8000
AdversarialLeader,10,8,4187,3059,943,762,807,2867,1602,887,1818,4216,768,3130,4286,641,659,1255,1755,1263,1472,863,92,,8000
1/2PlayersPlayer,10,8,4100,3610,2010,1817,1776,3405,2877,1916,3014,4222,1873,3806,4098,1228,1265,1857,2523,813,224,74,16,,8000
OpTwoPlayer,10,9,5180,3992,354,224,220,3313,1553,472,1701,5230,228,4437,5620,241,354,744,1467,2005,1308,1622,1131,128,9000
LastBankingPlayer,10,9,5620,3984,353,252,245,3345,1550,437,1701,5201,235,4332,5036,248,343,747,1374,2077,1294,1598,1168,151,9000
200PotPlayer,10,9,5238,4001,3926,3487,3554,3259,3652,4958,3268,5155,3070,4837,5283,2414,1773,1654,1249,855,534,318,138,65,9000
1000PotPlayer,10,9,5378,4701,2239,2356,2232,4992,3037,2450,3450,5105,2344,4614,5472,2270,1032,1117,1336,1441,733,649,343,79,9000
7RollsPlayer,10,9,5388,3760,3996,3263,3348,3332,3316,2552,2884,5208,4838,4818,5304,2181,1787,1558,1219,884,663,445,192,71,9000
14RollsPlayer,10,9,5360,4330,2696,2409,2347,3870,4844,2243,3244,5079,2166,4705,5536,1726,1366,1499,1526,1345,775,455,220,88,9000
1/3RandomPlayer,10,9,5251,3558,3804,2525,3121,3244,3245,2149,2703,5185,2273,4678,5328,1644,1525,1426,1262,1008,920,619,341,255,9000
1/6RandomPlayer,10,9,5408,3589,3581,2469,2546,3321,3258,2137,2783,5075,2265,4667,5376,1444,1375,1563,1483,1057,910,637,273,258,9000
1/12RandomPlayer,10,9,5448,3619,2499,1800,2059,3541,2818,1712,2604,5180,1708,4539,5233,1071,1078,1465,1552,1243,1026,816,414,335,9000
3DoublesPlayer,10,9,5422,4433,3067,2875,2736,3941,3238,2788,4902,5155,2634,4894,5576,2265,1364,1521,1532,1108,617,375,174,44,9000
7DoublesPlayer,10,9,5619,4112,505,427,464,3538,1770,657,1862,5086,465,4344,5549,651,398,716,1421,1914,1196,1414,931,359,9000
AdversarialLeader,10,9,5613,4278,1106,864,848,3680,2078,1093,2212,5278,820,4033,5540,632,593,984,1486,1929,1261,1342,719,54,9000
1/2PlayersPlayer,10,9,5321,5028,2062,2042,1956,4536,3222,2204,3316,5383,1980,4733,5313,1176,1030,1356,1912,2508,781,182,43,12,9000
OpTwoPlayer,15,3,276,493,141,180,154,399,186,141,266,469,155,481,486,1079,1669,252,,,,,,,3000
LastBankingPlayer,15,3,486,460,155,167,154,388,199,174,261,442,174,504,282,1114,1618,268,,,,,,,3000
200PotPlayer,15,3,362,372,336,337,309,261,303,310,263,416,293,332,360,1772,710,518,,,,,,,3000
1000PotPlayer,15,3,488,443,232,247,208,294,241,230,253,422,221,385,473,1613,911,476,,,,,,,3000
7RollsPlayer,15,3,308,354,329,260,317,220,277,187,234,442,324,316,321,1578,733,689,,,,,,,3000
14RollsPlayer,15,3,331,424,250,218,200,300,322,189,227,432,199,277,337,1358,990,652,,,,,,,3000
1/3RandomPlayer,15,3,293,313,304,156,256,248,285,164,210,401,215,287,305,1343,751,906,,,,,,,3000
1/6RandomPlayer,15,3,350,324,293,204,174,231,292,142,218,452,172,246,321,1297,825,878,,,,,,,3000
1/12RandomPlayer,15,3,314,369,168,133,165,236,216,120,204,433,119,284,330,1101,889,1010,,,,,,,3000
3DoublesPlayer,15,3,453,380,290,269,264,317,236,224,334,422,227,390,416,1657,908,435,,,,,,,3000
7DoublesPlayer,15,3,478,428,46,63,55,264,84,59,125,334,56,327,452,802,1167,1031,,,,,,,3000
AdversarialLeader,15,3,480,500,246,173,191,406,263,217,335,437,142,286,503,1403,1373,224,,,,,,,3000
1/2PlayersPlayer,15,3,493,346,164,164,140,363,254,199,238,407,177,500,460,1065,1775,160,,,,,,,3000
OpTwoPlayer,15,4,698,862,256,258,241,666,346,212,400,856,218,801,940,913,1292,1431,364,,,,,,4000
LastBankingPlayer,15,4,940,874,260,242,227,678,323,246,397,962,269,746,706,945,1323,1389,343,,,,,,4000
200PotPlayer,15,4,767,629,674,550,661,528,616,662,507,841,589,762,742,1925,1049,655,371,,,,,,4000
1000PotPlayer,15,4,908,743,449,461,413,748,451,465,542,822,468,679,904,1735,1046,756,463,,,,,,4000
7RollsPlayer,15,4,667,600,764,525,559,472,538,366,452,804,704,610,711,1652,1039,738,571,,,,,,4000
14RollsPlayer,15,4,779,704,500,417,392,573,704,349,463,841,420,583,753,1405,1211,841,543,,,,,,4000
1/3RandomPlayer,15,4,695,519,667,335,542,466,500,334,451,870,408,647,672,1433,1030,747,790,,,,,,4000
1/6RandomPlayer,15,4,685,522,583,423,357,488,526,312,415,865,392,608,648,1277,1094,805,824,,,,,,4000
1/12RandomPlayer,15,4,698,439,357,261,358,519,482,248,373,808,286,533,698,992,1082,920,1006,,,,,,4000
3DoublesPlayer,15,4,849,699,556,535,530,585,540,446,626,892,463,754,813,1798,1086,722,394,,,,,,4000
7DoublesPlayer,15,4,888,639,95,107,116,513,191,92,233,704,94,606,1005,671,1050,1170,1109,,,,,,4000
AdversarialLeader,15,4,950,868,353,340,327,666,427,290,509,868,307,621,877,1084,1508,1135,273,,,,,,4000
1/2PlayersPlayer,15,4,872,682,501,450,473,707,630,488,625,900,457,875,864,1247,2124,535,94,,,,,,4000
OpTwoPlayer,15,5,1276,1432,253,284,273,959,461,258,483,1409,275,1129,1566,616,905,1714,1451,314,,,,,5000
LastBankingPlayer,15,5,1566,1475,250,254,257,844,428,273,478,1502,302,1160,1298,608,950,1694,1417,331,,,,,5000
200PotPlayer,15,5,1382,1065,1172,987,1001,847,1003,1178,762,1376,934,1206,1337,2037,1279,834,597,253,,,,,5000
1000PotPlayer,15,5,1550,1371,772,773,735,1200,819,792,893,1367,798,1193,1436,1953,1072,1014,643,318,,,,,5000
7RollsPlayer,15,5,1254,1047,1134,892,926,807,880,593,700,1376,1252,1154,1270,1710,1332,882,685,391,,,,,5000
14RollsPlayer,15,5,1346,1206,802,689,700,910,1208,609,832,1431,702,1135,1321,1524,1330,1075,655,416,,,,,5000
1/3RandomPlayer,15,5,1277,1013,1056,613,883,763,836,550,706,1358,663,1157,1311,1468,1276,895,696,665,,,,,5000
1/6RandomPlayer,15,5,1334,992,956,724,636,767,888,590,719,1377,608,1111,1347,1331,1344,995,703,627,,,,,5000
1/12RandomPlayer,15,5,1265,1033,669,496,542,856,698,404,579,1429,432,1051,1318,1008,1208,1159,798,827,,,,,5000
3DoublesPlayer,15,5,1410,1258,993,889,868,956,867,826,1270,1360,878,1197,1344,1905,1330,981,544,240,,,,,5000
7DoublesPlayer,15,5,1525,1258,173,188,167,786,369,194,371,1236,190,1061,1598,661,826,1418,1158,937,,,,,5000
AdversarialLeader,15,5,1481,1328,474,456,397,1025,618,385,631,1487,414,1074,1526,783,1174,1764,1114,165,,,,,5000
1/2PlayersPlayer,15,5,1420,1300,589,587,579,1221,798,540,864,1473,589,1223,1487,920,1443,2097,467,73,,,,,5000
OpTwoPlayer,15,6,1932,1528,279,312,302,1228,513,258,636,2185,301,1771,2368,467,615,1427,1348,1841,302,,,,6000
LastBankingPlayer,15,6,2368,1603,291,335,325,1248,526,312,633,2242,324,1703,1908,502,657,1405,1339,1787,310,,,,6000
200PotPlayer,15,6,2046,1601,1748,1459,1521,1248,1469,1958,1240,2101,1354,1905,2125,2218,1432,1054,675,445,176,,,,6000
1000PotPlayer,15,6,2223,1791,1123,1178,1134,1960,1235,1130,1298,2051,1225,1815,2194,2047,1093,1181,757,693,229,,,,6000
7RollsPlayer,15,6,2075,1438,1662,1418,1437,1110,1356,921,1112,2049,1890,1878,2111,1912,1389,1056,829,515,299,,,,6000
14RollsPlayer,15,6,2030,1662,1186,1113,1069,1444,1900,850,1199,2182,1007,1783,1998,1517,1374,1341,867,585,316,,,,6000
1/3RandomPlayer,15,6,2080,1301,1586,1001,1322,1084,1267,793,1056,2118,907,1751,2081,1433,1302,1153,950,615,547,,,,6000
1/6RandomPlayer,15,6,1990,1287,1569,1026,931,1286,1283,821,1101,2105,901,1721,1953,1299,1361,1120,1019,637,564,,,,6000
1/12RandomPlayer,15,6,2048,1238,994,747,826,1238,1161,638,947,2070,637,1655,1948,938,1170,1250,1151,725,766,,,,6000
3DoublesPlayer,15,6,2124,1724,1493,1229,1298,1483,1271,1103,1932,2037,1252,1870,2177,1973,1338,1263,762,463,201,,,,6000
7DoublesPlayer,15,6,2338,1426,262,223,277,1265,496,264,588,1986,233,1583,2391,626,576,1348,1171,1512,767,,,,6000
AdversarialLeader,15,6,2357,1662,694,552,544,1446,798,518,895,2157,518,1522,2299,725,928,1526,1374,1299,148,,,,6000
1/2PlayersPlayer,15,6,2171,1864,1051,1091,1053,1716,1378,1135,1400,2188,979,1914,2151,1041,1462,2385,835,213,64,,,,6000
OpTwoPlayer,15,7,2878,2454,303,323,299,1617,656,321,755,3046,337,2477,3282,381,445,1060,1837,1441,1604,232,,,7000
LastBankingPlayer,15,7,3282,2437,252,295,319,1758,612,301,712,2955,280,2389,2852,355,409,1013,1909,1424,1642,248,,,7000
200PotPlayer,15,7,3050,2325,2382,2114,2151,1740,2152,2734,1742,2868,1894,2757,3106,2327,1658,1233,811,554,290,127,,,7000
1000PotPlayer,15,7,3110,2717,1574,1714,1567,2788,1602,1548,1806,2936,1599,2693,3217,2190,1080,1272,1146,658,489,165,,,7000
7RollsPlayer,15,7,2975,2161,2374,1907,1999,1592,1890,1252,1606,2897,2952,2572,2921,1903,1608,1265,922,690,434,178,,,7000
14RollsPlayer,15,7,3010,2457,1641,1452,1474,2019,2860,1204,1605,2929,1400,2577,3002,1613,1357,1370,1260,741,425,234,,,7000
1/3RandomPlayer,15,7,2863,1940,2241,1450,1881,1569,1852,1162,1475,2928,1320,2592,2917,1449,1417,1278,1016,851,549,440,,,7000
1/6RandomPlayer,15,7,2985,2156,2058,1488,1364,1651,1803,1160,1492,2879,1230,2560,3040,1299,1390,1436,1025,891,521,438,,,7000
1/12RandomPlayer,15,7,2973,2096,1401,1074,1135,1713,1619,870,1407,2990,928,2544,2998,981,1154,1465,1231,987,565,617,,,7000
3DoublesPlayer,15,7,3062,2550,1853,1794,1751,2113,1755,1541,2754,2844,1691,2738,3189,2021,1445,1373,1090,608,306,157,,,7000
7DoublesPlayer,15,7,3259,2449,315,347,348,1776,715,368,786,2784,410,2424,3187,681,459,975,1719,1212,1306,648,,,7000
AdversarialLeader,15,7,3235,2608,752,656,676,1924,1100,599,1163,3153,644,2218,3138,626,690,1314,1889,1351,1035,95,,,7000
1/2PlayersPlayer,15,7,2967,2776,1229,1215,1191,2423,1630,1179,1790,3130,1240,2594,3011,958,996,1649,2493,708,156,40,,,7000
OpTwoPlayer,15,8,3850,2417,254,276,277,2081,778,319,886,3923,277,3271,4335,272,302,747,1498,1313,1930,1702,236,,8000
LastBankingPlayer,15,8,4335,2492,268,292,292,2149,732,342,882,4013,284,3226,3888,313,291,768,1550,1226,1923,1694,235,,8000
200PotPlayer,15,8,4057,2763,3082,2807,2739,2298,2709,3862,2357,3791,2613,3681,4055,2314,1565,1426,1172,745,483,207,88,,8000
1000PotPlayer,15,8,4119,3148,2101,2181,2190,3834,2129,2081,2465,3839,2196,3524,4357,2332,1175,1095,1191,813,828,456,110,,8000
7RollsPlayer,15,8,4095,2571,3069,2410,2594,2148,2486,1802,2168,3899,3706,3637,4052,1821,1653,1428,1177,900,544,336,141,,8000
14RollsPlayer,15,8,4166,3091,2170,1972,1868,2638,3822,1707,2235,3951,1979,3420,4074,1632,1376,1482,1384,915,686,350,175,,8000
1/3RandomPlayer,15,8,4113,2444,2903,1909,2379,2127,2440,1659,2010,3871,1868,3596,4034,1528,1377,1335,1098,1129,771,399,363,,8000
1/6RandomPlayer,15,8,4079,2434,2847,1934,1993,2220,2414,1489,2084,3901,1632,3577,4065,1350,1342,1394,1207,1091,837,422,357,,8000
1/12RandomPlayer,15,8,4212,2356,1932,1429,1598,2270,2166,1198,1920,3904,1301,3434,3950,952,1110,1378,1319,1191,1055,497,498,,8000
3DoublesPlayer,15,8,4128,3153,2538,2291,2269,2785,2346,2114,3878,3968,2197,3640,4032,2023,1443,1498,1303,798,580,264,91,,8000
7DoublesPlayer,15,8,4252,2558,458,450,427,2301,912,573,1070,3762,492,3219,4395,725,355,693,1488,1155,1698,1386,500,,8000
AdversarialLeader,15,8,4275,2721,917,776,839,2590,1228,779,1416,4085,761,3152,4286,615,584,1010,1634,1334,1680,1068,75,,8000
1/2PlayersPlayer,15,8,4174,3848,1931,1962,1905,3110,2580,1899,2656,4141,1885,3537,4233,1225,1167,1779,2462,969,270,94,34,,8000
OpTwoPlayer,15,9,5124,3737,268,301,304,2662,903,297,1053,5104,307,4174,5522,256,193,511,1303,1905,1353,1823,1451,205,9000
LastBankingPlayer,15,9,5522,3680,273,291,285,2592,874,312,1010,5129,322,4250,5008,242,185,549,1207,1980,1304,1813,1530,190,9000
200PotPlayer,15,9,5340,3784,4119,3598,3781,2814,3433,4850,2920,4854,3403,4757,5262,2380,1724,1535,1256,886,631,358,164,66,9000
1000PotPlayer,15,9,5601,4578,2667,3013,2845,4950,2883,2814,3185,4996,2970,4743,5452,2613,1221,1160,1201,1205,705,536,274,85,9000
7RollsPlayer,15,9,5305,3460,3935,3255,3306,2624,3057,2300,2589,4876,4868,4566,5281,1819,1669,1487,1277,1057,793,491,291,116,9000
14RollsPlayer,15,9,5221,4098,2795,2560,2441,3292,5092,2166,2896,4917,2424,4578,5302,1750,1272,1427,1475,1247,853,543,308,125,9000
1/3RandomPlayer,15,9,5253,3480,3774,2440,3095,2547,3139,1997,2436,4844,2362,4667,5206,1434,1350,1393,1356,1115,983,704,363,302,9000
1/6RandomPlayer,15,9,5253,3437,3466,2491,2530,2688,3113,1928,2472,4916,2330,4536,5439,1269,1312,1496,1383,1128,1025,707,371,309,9000
1/12RandomPlayer,15,9,5358,3476,2441,1869,2015,2904,2831,1523,2273,4954,1690,4572,5378,973,1014,1356,1525,1211,1164,948,409,400,9000
3DoublesPlayer,15,9,5295,4300,3274,3159,2945,3364,3105,2838,5028,4910,3006,4813,5388,2292,1456,1413,1394,1115,669,386,210,65,9000
7DoublesPlayer,15,9,5623,3933,665,637,698,2947,1290,662,1441,4888,659,4299,5675,889,283,545,1204,1779,1279,1475,1131,415,9000
AdversarialLeader,15,9,5393,3962,1055,999,1045,3032,1626,923,1665,5280,990,3927,5506,624,468,797,1366,1909,1291,1541,932,72,9000
1/2PlayersPlayer,15,9,5339,4952,2099,2194,2166,3966,2870,2034,3062,5336,2201,4659,5288,1123,1026,1209,1841,2592,882,226,75,26,9000
OpTwoPlayer,20,3,300,463,177,174,153,333,154,157,246,467,166,455,493,1046,1646,308,,,,,,,3000
LastBankingPlayer,20,3,493,448,148,169,167,307,165,170,264,490,164,501,288,1068,1638,294,,,,,,,3000
200PotPlayer,20,3,365,341,379,338,313,249,252,342,231,392,290,311,353,1703,750,547,,,,,,,3000
1000PotPlayer,20,3,465,459,264,291,251,316,211,220,240,453,269,384,428,1690,871,439,,,,,,,3000
7RollsPlayer,20,3,311,335,336,238,328,218,274,174,246,365,322,286,304,1468,801,731,,,,,,,3000
14RollsPlayer,20,3,364,413,275,255,234,254,304,201,212,392,227,275,314,1387,946,667,,,,,,,3000
1/3RandomPlayer,20,3,295,295,356,163,241,194,264,183,205,384,204,252,284,1283,754,963,,,,,,,3000
1/6RandomPlayer,20,3,310,323,336,204,149,220,234,132,243,386,156,275,340,1237,834,929,,,,,,,3000
1/12RandomPlayer,20,3,303,321,150,161,175,198,208,122,175,390,128,236,298,1003,859,1138,,,,,,,3000
3DoublesPlayer,20,3,418,409,285,255,232,282,287,236,272,418,258,406,445,1683,837,480,,,,,,,3000
7DoublesPlayer,20,3,480,487,58,70,73,233,76,69,107,322,80,362,512,863,1203,934,,,,,,,3000
AdversarialLeader,20,3,455,463,212,195,211,371,238,206,303,467,189,328,501,1362,1415,223,,,,,,,3000
1/2PlayersPlayer,20,3,463,350,173,168,173,330,267,169,253,460,172,463,448,1041,1807,152,,,,,,,3000
OpTwoPlayer,20,4,712,869,248,283,231,603,290,228,354,862,250,737,945,867,1256,1499,378,,,,,,4000
LastBankingPlayer,20,4,945,825,213,252,257,591,283,240,383,894,227,736,682,852,1229,1514,405,,,,,,4000
200PotPlayer,20,4,755,666,689,604,638,483,568,728,470,750,647,667,737,1908,1007,664,421,,,,,,4000
1000PotPlayer,20,4,890,756,510,532,539,740,460,466,481,812,497,673,900,1825,1010,761,404,,,,,,4000
7RollsPlayer,20,4,693,560,692,575,590,428,477,342,450,830,712,585,699,1569,1063,800,568,,,,,,4000
14RollsPlayer,20,4,745,713,522,456,430,501,716,339,429,789,404,620,725,1392,1205,803,600,,,,,,4000
1/3RandomPlayer,20,4,661,466,664,354,544,424,480,329,383,785,385,578,693,1314,992,820,874,,,,,,4000
1/6RandomPlayer,20,4,658,478,607,428,337,465,505,317,379,815,351,614,702,1250,1045,816,889,,,,,,4000
1/12RandomPlayer,20,4,718,490,345,282,320,402,426,235,336,784,242,575,740,982,1056,837,1125,,,,,,4000
3DoublesPlayer,20,4,807,731,641,549,526,533,505,446,724,828,545,727,822,1818,1117,696,369,,,,,,4000
7DoublesPlayer,20,4,902,653,124,132,152,437,197,150,206,696,145,616,940,789,931,1121,1159,,,,,,4000
AdversarialLeader,20,4,907,792,400,371,337,608,438,332,461,893,318,569,882,1079,1415,1241,265,,,,,,4000
1/2PlayersPlayer,20,4,849,684,483,445,459,716,659,477,604,927,510,776,828,1212,2089,603,96,,,,,,4000
OpTwoPlayer,20,5,1198,1457,231,302,307,792,399,254,433,1480,283,1111,1578,606,780,1753,1555,306,,,,,5000
LastBankingPlayer,20,5,1578,1441,258,271,285,824,379,267,403,1426,274,1147,1260,615,817,1681,1540,347,,,,,5000
200PotPlayer,20,5,1338,1083,1166,1062,1090,821,941,1238,780,1358,967,1222,1301,2099,1286,755,603,257,,,,,5000
1000PotPlayer,20,5,1487,1295,818,780,806,1262,756,770,841,1355,828,1189,1512,1903,1107,1059,648,283,,,,,5000
7RollsPlayer,20,5,1258,1028,1103,937,987,770,881,597,737,1337,1358,1140,1211,1757,1304,876,652,411,,,,,5000
14RollsPlayer,20,5,1289,1223,854,711,709,850,1190,622,728,1376,686,1122,1301,1466,1276,1146,677,435,,,,,5000
1/3RandomPlayer,20,5,1315,958,1021,608,884,724,864,496,657,1383,631,1179,1287,1384,1317,892,736,671,,,,,5000
1/6RandomPlayer,20,5,1282,1004,1026,672,613,744,866,498,604,1301,585,1083,1270,1258,1292,970,700,780,,,,,5000
1/12RandomPlayer,20,5,1298,1019,625,498,553,766,693,374,579,1364,449,1085,1290,962,1232,1140,769,897,,,,,5000
3DoublesPlayer,20,5,1407,1240,1020,891,915,897,886,760,1230,1332,839,1256,1424,1912,1338,947,541,262,,,,,5000
7DoublesPlayer,20,5,1593,1294,190,224,220,767,323,227,369,1182,202,996,1541,715,701,1499,1167,918,,,,,5000
AdversarialLeader,20,5,1483,1302,512,457,480,935,571,352,537,1408,429,913,1576,717,1123,1765,1188,207,,,,,5000
1/2PlayersPlayer,20,5,1443,1266,603,587,616,1053,777,558,764,1526,523,1161,1459,837,1353,2204,521,85,,,,,5000
OpTwoPlayer,20,6,2024,1496,272,301,327,1091,389,273,474,2195,292,1682,2405,449,538,1390,1368,1918,337,,,,6000
LastBankingPlayer,20,6,2405,1491,281,341,338,1097,473,265,486,2132,314,1673,1842,475,528,1337,1354,1932,374,,,,6000
200PotPlayer,20,6,2036,1572,1707,1613,1531,1243,1394,1990,1218,1979,1517,1785,2116,2156,1448,1127,674,400,195,,,,6000
1000PotPlayer,20,6,2317,1720,1292,1241,1273,1902,1164,1091,1266,2086,1209,1806,2261,2085,1154,1168,734,615,244,,,,6000
7RollsPlayer,20,6,2023,1422,1725,1365,1476,1071,1285,860,1049,1968,1976,1721,1978,1749,1359,1136,880,570,306,,,,6000
14RollsPlayer,20,6,2033,1629,1265,1065,1077,1276,1882,949,1093,1966,1074,1662,2019,1477,1307,1309,912,626,369,,,,6000
1/3RandomPlayer,20,6,1924,1199,1542,1001,1313,1026,1253,745,1017,2055,992,1817,2004,1338,1316,1070,1004,716,556,,,,6000
1/6RandomPlayer,20,6,2014,1250,1506,1019,924,1137,1277,776,1067,1973,884,1758,1969,1218,1322,1162,1021,648,629,,,,6000
1/12RandomPlayer,20,6,2043,1146,989,780,832,1037,1052,589,888,2052,665,1672,2069,917,1109,1233,1162,770,809,,,,6000
3DoublesPlayer,20,6,2122,1681,1471,1309,1347,1343,1332,1161,1856,2016,1283,1871,2114,2003,1328,1173,790,480,226,,,,6000
7DoublesPlayer,20,6,2402,1376,331,342,319,1078,477,320,504,1928,315,1521,2353,767,550,1131,1163,1512,877,,,,6000
AdversarialLeader,20,6,2273,1617,708,637,639,1261,795,522,728,2107,584,1479,2265,704,869,1487,1374,1410,156,,,,6000
1/2PlayersPlayer,20,6,2151,1928,1135,1110,1069,1653,1389,1061,1325,2136,1068,1848,2122,1130,1335,2355,837,266,77,,,,6000
OpTwoPlayer,20,7,2808,2487,312,311,326,1406,483,285,556,2893,325,2267,3289,346,335,968,1844,1365,1863,279,,,7000
LastBankingPlayer,20,7,3289,2451,302,353,288,1457,481,291,588,2944,312,2369,2772,373,347,962,1829,1378,1833,278,,,7000
200PotPlayer,20,7,2999,2219,2403,2223,2128,1710,1935,2704,1755,2783,2012,2656,3120,2332,1549,1241,805,617,297,159,,,7000
1000PotPlayer,20,7,3260,2585,1794,1805,1721,2852,1601,1580,1770,2788,1620,2688,3129,2189,1206,1204,1153,648,458,142,,,7000
7RollsPlayer,20,7,2878,2023,2386,2002,2017,1617,1756,1312,1502,2811,2854,2634,2968,1844,1525,1339,966,694,429,203,,,7000
14RollsPlayer,20,7,3003,2350,1805,1537,1624,1711,2862,1290,1624,2848,1409,2543,2883,1554,1413,1400,1183,756,439,255,,,7000
1/3RandomPlayer,20,7,2919,2032,2195,1419,1732,1409,1728,1057,1295,2776,1261,2541,2967,1261,1353,1366,1038,923,576,483,,,7000
1/6RandomPlayer,20,7,3035,2048,2087,1425,1392,1578,1745,1063,1452,2907,1234,2558,2928,1320,1306,1322,1082,973,522,475,,,7000
1/12RandomPlayer,20,7,2941,2024,1347,1060,1196,1503,1467,842,1271,2881,921,2497,2957,919,1100,1372,1182,1117,625,685,,,7000
3DoublesPlayer,20,7,3032,2380,1997,1943,1816,1869,1840,1595,2736,2794,1740,2706,2964,2014,1381,1425,1039,618,370,153,,,7000
7DoublesPlayer,20,7,3210,2321,465,529,413,1473,636,461,741,2726,487,2275,3285,855,383,843,1592,1213,1403,711,,,7000
AdversarialLeader,20,7,3067,2546,756,772,683,1713,890,592,935,2946,681,2251,3180,632,600,1157,1868,1337,1314,92,,,7000
1/2PlayersPlayer,20,7,3105,2688,1276,1301,1227,2134,1572,1164,1584,3016,1274,2545,3109,895,1031,1560,2487,800,169,58,,,7000
OpTwoPlayer,20,8,3768,2287,317,331,332,1687,494,336,557,3846,333,3173,4380,318,235,607,1409,1153,2087,1901,290,,8000
LastBankingPlayer,20,8,4380,2257,293,335,351,1703,576,312,625,3842,334,3154,3852,310,208,627,1462,1205,2068,1862,258,,8000
200PotPlayer,20,8,4057,2670,3191,2989,2895,2167,2640,3798,2163,3699,2582,3690,4026,2267,1617,1385,1106,818,474,245,88,,8000
1000PotPlayer,20,8,4310,3143,2411,2448,2416,3702,2133,2092,2258,3783,2236,3443,4287,2380,1238,1127,1181,758,756,429,131,,8000
7RollsPlayer,20,8,3885,2398,3109,2698,2549,2023,2459,1735,1914,3712,3888,3491,4097,1714,1610,1424,1209,922,601,376,144,,8000
14RollsPlayer,20,8,4050,2950,2372,1912,2125,2486,3852,1711,1957,3798,2006,3444,3888,1676,1342,1349,1304,961,773,377,218,,8000
1/3RandomPlayer,20,8,3960,2330,3010,1860,2348,1910,2283,1410,1891,3741,1746,3503,3934,1344,1284,1298,1195,1125,831,507,416,,8000
1/6RandomPlayer,20,8,3999,2289,2779,1929,1860,2032,2281,1472,1877,3637,1764,3588,4004,1192,1252,1410,1199,1209,864,454,420,,8000
1/12RandomPlayer,20,8,4110,2156,1873,1397,1558,1940,1987,1129,1541,3791,1258,3409,3995,908,974,1250,1258,1243,1174,585,608,,8000
3DoublesPlayer,20,8,4126,3046,2819,2514,2528,2542,2455,2202,3874,3662,2404,3613,4218,2195,1515,1365,1289,759,517,256,104,,8000
7DoublesPlayer,20,8,4333,2370,643,648,655,1991,804,652,917,3876,620,3115,4332,955,332,588,1300,1097,1682,1484,562,,8000
AdversarialLeader,20,8,4295,2586,932,889,887,2166,1100,785,1093,3927,864,2965,4287,612,485,876,1624,1314,1774,1216,99,,8000
1/2PlayersPlayer,20,8,4130,3852,2144,2138,2004,3062,2428,1952,2473,3847,2007,3565,4039,1288,1150,1570,2550,1011,258,126,47,,8000
OpTwoPlayer,20,9,4850,3545,315,326,298,2044,607,285,615,4889,289,4197,5765,236,145,423,1042,1944,1309,1976,1719,206,9000
LastBankingPlayer,20,9,5765,3537,295,274,301,2064,606,252,645,4819,244,4168,4886,209,134,464,1050,1878,1343,1960,1751,211,9000
200PotPlayer,20,9,5258,3616,4084,3784,3772,2871,3452,4960,2835,4823,3393,4799,5365,2423,1737,1474,1276,851,665,343,160,71,9000
1000PotPlayer,20,9,5441,4328,3168,3149,3009,5004,2741,2847,2928,4745,2937,4762,5424,2529,1307,1163,1192,1167,679,567,325,71,9000
7RollsPlayer,20,9,5404,3417,3899,3321,3427,2563,3151,2140,2535,4787,5014,4723,5310,1791,1683,1551,1302,1067,773,471,237,125,9000
14RollsPlayer,20,9,5367,3959,3097,2600,2677,3120,4778,2128,2638,4877,2483,4595,5368,1775,1262,1396,1440,1262,874,558,291,142,9000
1/3RandomPlayer,20,9,5189,3325,3696,2540,3112,2425,3009,1831,2329,4699,2257,4561,5327,1288,1321,1408,1349,1160,1010,741,404,319,9000
1/6RandomPlayer,20,9,5199,3359,3559,2509,2549,2553,2873,1811,2310,4672,2206,4523,5324,1193,1242,1380,1414,1148,1090,789,419,325,9000
1/12RandomPlayer,20,9,5218,3193,2572,1859,2104,2502,2517,1444,2048,4850,1672,4459,5199,927,907,1257,1424,1250,1200,1082,446,507,9000
3DoublesPlayer,20,9,5271,4025,3570,3313,3205,3181,3181,2739,4976,4841,2975,4779,5370,2171,1606,1538,1334,961,663,440,205,82,9000
7DoublesPlayer,20,9,5536,3707,750,804,835,2537,1050,881,1252,4918,791,4116,5472,1065,290,425,908,1721,1171,1641,1330,449,9000
AdversarialLeader,20,9,5605,3846,1062,958,1035,2736,1211,858,1293,5053,921,3847,5563,581,413,650,1253,1923,1383,1697,1049,51,9000
1/2PlayersPlayer,20,9,5456,4834,2340,2315,2267,3745,2633,2020,2782,5226,2177,4486,5400,1175,960,1114,1707,2727,949,248,91,29,9000
